Product_ID,Description,categ_id
19127,ALC 5003A-1C 1/16 NEGRO,DISPOSITIVO / CELULAR / LIBRE
19128,ALC 5003A-1C 1/16 NEGRO,DISPOSITIVO / CELULAR / LIBRE
19129,ALC 5003A-1C 1/16 ROSA,DISPOSITIVO / CELULAR / LIBRE
19130,ALC 5033M 1/16 AZUL,DISPOSITIVO / CELULAR / LIBRE
19131,ALC 5033M 1/16 NEGRO,DISPOSITIVO / CELULAR / LIBRE
19159,APPLE IPHONE-11 4/128 AMA,DISPOSITIVO / CELULAR / LIBRE
19160,APPLE IPHONE-11 4/128 MORADO,DISPOSITIVO / CELULAR / LIBRE
19161,APPLE IPHONE-11 4/128 NEGRO,DISPOSITIVO / CELULAR / LIBRE
19162,APPLE IPHONE-11 4/128 VERDE,DISPOSITIVO / CELULAR / LIBRE
19163,APPLE IPHONE-11 4/64 AMA,DISPOSITIVO / CELULAR / LIBRE
19164,APPLE IPHONE-11 4/64 BCO,DISPOSITIVO / CELULAR / LIBRE
19165,APPLE IPHONE-11 4/64 MORADO,DISPOSITIVO / CELULAR / LIBRE
19166,APPLE IPHONE-11 4/64 NEGRO,DISPOSITIVO / CELULAR / LIBRE
19167,APPLE IPHONE-11 4/64 ROJO,DISPOSITIVO / CELULAR / LIBRE
19168,APPLE IPHONE-11 4/64 VERDE,DISPOSITIVO / CELULAR / LIBRE
19169,APPLE IPHONE-12 4/128 NEGRO,DISPOSITIVO / CELULAR / LIBRE
19170,APPLE IPHONE-12 4/128 VERDE,DISPOSITIVO / CELULAR / LIBRE
19171,APPLE IPHONE-12 4/128 VIOLETA,DISPOSITIVO / CELULAR / LIBRE
19172,APPLE IPHONE-12 4/64 AZUL,DISPOSITIVO / CELULAR / LIBRE
26531,APPLE IPHONE-12 4/64 MORADO,DISPOSITIVO / CELULAR / LIBRE
19173,APPLE IPHONE-12 4/64 NEGRO,DISPOSITIVO / CELULAR / LIBRE
19174,APPLE IPHONE-12-PRO 6/128 DORADO,DISPOSITIVO / CELULAR / LIBRE
19175,APPLE IPHONE-12-PRO 6/128 GRAFITO,DISPOSITIVO / CELULAR / LIBRE
19176,APPLE IPHONE-12-PRO-MAX 6/128 AZUL,DISPOSITIVO / CELULAR / LIBRE
19177,APPLE IPHONE-12-PRO-MAX 6/128 GRAFITO,DISPOSITIVO / CELULAR / LIBRE
19178,APPLE IPHONE-12-PRO-MAX 6/256 AZUL,DISPOSITIVO / CELULAR / LIBRE
19179,APPLE IPHONE-13 4/128 AZUL,DISPOSITIVO / CELULAR / LIBRE
27182,APPLE IPHONE-13 4/128 BLANCO,DISPOSITIVO / CELULAR / LIBRE
19180,APPLE IPHONE-13 4/128 ROJO,DISPOSITIVO / CELULAR / LIBRE
26530,APPLE IPHONE-13 4/128 VERDE,DISPOSITIVO / CELULAR / LIBRE
19157,APPLE IPHONE-13 4/256 AZUL,DISPOSITIVO / CELULAR / LIBRE
19181,APPLE IPHONE-13-PRO 6/128 AZUL,DISPOSITIVO / CELULAR / LIBRE
19182,APPLE IPHONE-13-PRO 6/128 DORADO,DISPOSITIVO / CELULAR / LIBRE
19183,APPLE IPHONE-13-PRO 6/128 GRAFITO,DISPOSITIVO / CELULAR / LIBRE
19184,APPLE IPHONE-13-PRO 6/256 GOLD,DISPOSITIVO / CELULAR / LIBRE
19185,APPLE IPHONE-13-PRO 6/256 GRAFITO,DISPOSITIVO / CELULAR / LIBRE
29651,APPLE IPHONE-13-PRO-MAX 6/128 AZUL,DISPOSITIVO / CELULAR / LIBRE
26607,APPLE IPHONE-13-PRO-MAX 6/128 GRAFITO,DISPOSITIVO / CELULAR / LIBRE
19186,APPLE IPHONE-SE 3/128 BCO,DISPOSITIVO / CELULAR / LIBRE
19187,APPLE IPHONE-SE 3/128 NEGRO,DISPOSITIVO / CELULAR / LIBRE
19188,APPLE IPHONE-SE 3/64 BCO,DISPOSITIVO / CELULAR / LIBRE
19189,APPLE IPHONE-SE 3/64 NEGRO,DISPOSITIVO / CELULAR / LIBRE
19190,APPLE IPHONE-SE 3/64 ROJO,DISPOSITIVO / CELULAR / LIBRE
19435,BLU C5-2019 1/16 AZUL,DISPOSITIVO / CELULAR / LIBRE
19436,BLU C5-2019 1/16 GRIS,DISPOSITIVO / CELULAR / LIBRE
19437,BLU C5-2019 1/16 NEGRO,DISPOSITIVO / CELULAR / LIBRE
19438,BLU C5-2019 1/16 PASTEL,DISPOSITIVO / CELULAR / LIBRE
19439,BLU C5-2019 1/16 ROJO,DISPOSITIVO / CELULAR / LIBRE
19440,BLU C6-2019 X/X AZUL,DISPOSITIVO / CELULAR / LIBRE
19443,BLU C6-2020 1/16 VERDE,DISPOSITIVO / CELULAR / LIBRE
19451,BLU G60 NEGRO,DISPOSITIVO / CELULAR / LIBRE
19452,BLU G60 ROJO,DISPOSITIVO / CELULAR / LIBRE
19453,BLU J4 1/32 AZUL,DISPOSITIVO / CELULAR / LIBRE
19457,BLU J6-2020 1/32 AZUL,DISPOSITIVO / CELULAR / LIBRE
19458,BLU J6-2020 1/32 CAFÉ,DISPOSITIVO / CELULAR / LIBRE
19459,BLU J6-2020 1/32 MORADO,DISPOSITIVO / CELULAR / LIBRE
19460,BLU J6-2020 1/32 NEGRO,DISPOSITIVO / CELULAR / LIBRE
19473,BLU TANK-MEGA X/X NEGRO/NARANJA,DISPOSITIVO / CELULAR / LIBRE
19474,BLU TANK-MEGA X/X NEGRO/VERDE,DISPOSITIVO / CELULAR / LIBRE
31064,BLU Z4 X/X GRIS,DISPOSITIVO / CELULAR / LIBRE
19475,BLU Z4 X/X NEGRO/AZUL,DISPOSITIVO / CELULAR / LIBRE
19476,BLU Z4 X/X NEGRO/ROJO,DISPOSITIVO / CELULAR / LIBRE
26597,BLU Z4 X/X VERDE,DISPOSITIVO / CELULAR / LIBRE
30876,BLU Z4-MUSIC X/X AZUL,DISPOSITIVO / CELULAR / LIBRE
30877,BLU Z4-MUSIC X/X CORAL,DISPOSITIVO / CELULAR / LIBRE
30878,BLU Z4-MUSIC X/X LIMA,DISPOSITIVO / CELULAR / LIBRE
30879,BLU Z4-MUSIC X/X NEGRO/ROJO,DISPOSITIVO / CELULAR / LIBRE
30880,BLU Z4-MUSIC X/X TURQUESA,DISPOSITIVO / CELULAR / LIBRE
30881,BLU Z4-MUSIC X/X VERDE,DISPOSITIVO / CELULAR / LIBRE
19477,BLU Z5 X/X AZUL,DISPOSITIVO / CELULAR / LIBRE
19478,BLU Z5 X/X BLANCO,DISPOSITIVO / CELULAR / LIBRE
19479,BLU Z5 X/X CORAL,DISPOSITIVO / CELULAR / LIBRE
19480,BLU Z5 X/X GRIS,DISPOSITIVO / CELULAR / LIBRE
19481,BLU Z5 X/X NEGRO,DISPOSITIVO / CELULAR / LIBRE
19482,BLU Z5 X/X TURQUESA,DISPOSITIVO / CELULAR / LIBRE
19483,BLU Z5 X/X VERDE-LIMÓN,DISPOSITIVO / CELULAR / LIBRE
19485,BLU ZOEY FLEX NEGRO,DISPOSITIVO / CELULAR / LIBRE
26144,BLU ZOEY-FLEX-3G X/X DORADO,DISPOSITIVO / CELULAR / LIBRE
26543,BLU ZOEY-FLEX-3G X/X NGO,DISPOSITIVO / CELULAR / LIBRE
27301,BLU ZOEY-FLEX132 X/X DORADO,DISPOSITIVO / CELULAR / LIBRE
27302,BLU ZOEY-FLEX132 X/X NEGRO,DISPOSITIVO / CELULAR / LIBRE
40119,CORN 3G-GT10 X/X AZUL,DISPOSITIVO / CELULAR / LIBRE
31395,CORN 3G-GT10 X/X NARANJA,DISPOSITIVO / CELULAR / LIBRE
31393,CORN 3G-GT10 X/X NEGRO,DISPOSITIVO / CELULAR / LIBRE
31394,CORN 3G-GT10 X/X ROJO,DISPOSITIVO / CELULAR / LIBRE
31396,CORN 3G-GT10 X/X VERDE,DISPOSITIVO / CELULAR / LIBRE
40012,EPIK ONE-K503 1/16 NEGRO,DISPOSITIVO / CELULAR / LIBRE
24792,HISENSE E20 2/16 AZUL,DISPOSITIVO / CELULAR / LIBRE
24793,HISENSE E20 2/16 NEGRO,DISPOSITIVO / CELULAR / LIBRE
24794,HISENSE E20S 2/32 AZUL,DISPOSITIVO / CELULAR / LIBRE
30107,HISENSE E20S 2/32 GRIS,DISPOSITIVO / CELULAR / LIBRE
26593,HISENSE E30-LITE 1/16 AZUL,DISPOSITIVO / CELULAR / LIBRE
29450,HISENSE E50 4/128 AZUL,DISPOSITIVO / CELULAR / LIBRE
24795,HISENSE E50 4/128 VERDE,DISPOSITIVO / CELULAR / LIBRE
26590,HISENSE E50-LITE 3/32 NGO,DISPOSITIVO / CELULAR / LIBRE
24796,HISENSE E50-LITE 3/32 VERDE,DISPOSITIVO / CELULAR / LIBRE
29673,HISENSE E60 4/64 AZUL,DISPOSITIVO / CELULAR / LIBRE
29580,HISENSE E60-LITE 2/64 NGO,DISPOSITIVO / CELULAR / LIBRE
24797,HISENSE U3 1/16 AZUL,DISPOSITIVO / CELULAR / LIBRE
26669,HISENSE U30 1/32 GRIS,DISPOSITIVO / CELULAR / LIBRE
24798,HISENSE U50 2/32 AZUL,DISPOSITIVO / CELULAR / LIBRE
24799,HISENSE V40 4/64 AZUL,DISPOSITIVO / CELULAR / LIBRE
24800,HISENSE V40 4/64 NEGRO,DISPOSITIVO / CELULAR / LIBRE
26529,HISENSE V40S 4/64 AZUL,DISPOSITIVO / CELULAR / LIBRE
26526,HISENSE V40S 4/64 DORADO,DISPOSITIVO / CELULAR / LIBRE
24801,HISENSE V40S 4/64 NEGRO,DISPOSITIVO / CELULAR / LIBRE
29524,HISENSE V40i 3/64 DORADO,DISPOSITIVO / CELULAR / LIBRE
29417,HISENSE V40i 3/64 ROJO,DISPOSITIVO / CELULAR / LIBRE
24802,HISENSE V50 4/64 AZUL,DISPOSITIVO / CELULAR / LIBRE
26670,HISENSE V60 4/128 AZUL,DISPOSITIVO / CELULAR / LIBRE
29507,HONOR 8A 3/64 AZUL,DISPOSITIVO / CELULAR / LIBRE
40151,HONOR X5 2/32 AZUL,DISPOSITIVO / CELULAR / LIBRE
40152,HONOR X5 2/32 NEGRO,DISPOSITIVO / CELULAR / LIBRE
30357,HONOR X6 4/64 AZUL,DISPOSITIVO / CELULAR / LIBRE
30356,HONOR X6 4/64 NEGRO,DISPOSITIVO / CELULAR / LIBRE
30358,HONOR X6 4/64 PLATA,DISPOSITIVO / CELULAR / LIBRE
30563,HONOR X6S 4/128 AZUL,DISPOSITIVO / CELULAR / LIBRE
30564,HONOR X6S 4/128 PLATA,DISPOSITIVO / CELULAR / LIBRE
29506,HONOR X7 4/128 AZUL,DISPOSITIVO / CELULAR / LIBRE
29504,HONOR X7 4/128 NEGRO,DISPOSITIVO / CELULAR / LIBRE
29505,HONOR X7 4/128 PLATA,DISPOSITIVO / CELULAR / LIBRE
30417,HONOR X7 6/128 AZUL,DISPOSITIVO / CELULAR / LIBRE
30416,HONOR X7 6/128 PLATA,DISPOSITIVO / CELULAR / LIBRE
39900,HONOR X7A 6/128 AZUL,DISPOSITIVO / CELULAR / LIBRE
39901,HONOR X7A 6/128 PLATA,DISPOSITIVO / CELULAR / LIBRE
26729,HONOR X8 6/128 AZUL,DISPOSITIVO / CELULAR / LIBRE
26730,HONOR X8 6/128 NEGRO,DISPOSITIVO / CELULAR / LIBRE
26671,HONOR X8 6/128 PLATA,DISPOSITIVO / CELULAR / LIBRE
30182,HONOR X9 8/128 AZUL,DISPOSITIVO / CELULAR / LIBRE
30180,HONOR X9 8/128 NEGRO,DISPOSITIVO / CELULAR / LIBRE
30181,HONOR X9 8/128 PLATA,DISPOSITIVO / CELULAR / LIBRE
24833,HUAWEI NOVA-Y60 4/64 NEGRO,DISPOSITIVO / CELULAR / LIBRE
24834,HUAWEI NOVA-Y60 4/64 VERDE,DISPOSITIVO / CELULAR / LIBRE
24835,HUAWEI P40-LITE 6/128 NEGRO,DISPOSITIVO / CELULAR / LIBRE
24836,HUAWEI PSMART-2021 4/128 NEGRO,DISPOSITIVO / CELULAR / LIBRE
24837,HUAWEI PSMART-2021 4/128 VERDE,DISPOSITIVO / CELULAR / LIBRE
27179,HUAWEI Y5P 2/32 NEGRO,DISPOSITIVO / CELULAR / LIBRE
27180,HUAWEI Y5P 2/32 VERDE,DISPOSITIVO / CELULAR / LIBRE
24843,HUAWEI Y6-2019 2/32 AZUL,DISPOSITIVO / CELULAR / LIBRE
24844,HUAWEI Y6-2019 3/64 AZUL,DISPOSITIVO / CELULAR / LIBRE
24845,HUAWEI Y6-2019 3/64 NEGRO,DISPOSITIVO / CELULAR / LIBRE
26339,HUAWEI Y6P 3/64 NEGRO,DISPOSITIVO / CELULAR / LIBRE
24846,HUAWEI Y6P 3/64 VERDE,DISPOSITIVO / CELULAR / LIBRE
24848,HUAWEI Y7A 4/64 NGO,DISPOSITIVO / CELULAR / LIBRE
24849,HUAWEI Y7A 4/64 VDE,DISPOSITIVO / CELULAR / LIBRE
30570,HUAWEI Y9-2019 4/128 AZUL,DISPOSITIVO / CELULAR / LIBRE
24850,HUAWEI Y9-2019 4/128 NEGRO,DISPOSITIVO / CELULAR / LIBRE
29522,HUAWEI Y9-2019 6/128 AZUL,DISPOSITIVO / CELULAR / LIBRE
26608,HUAWEI Y9-2019 6/128 NEGRO,DISPOSITIVO / CELULAR / LIBRE
24851,HUAWEI Y9A 6/128 NEGRO,DISPOSITIVO / CELULAR / LIBRE
24852,HUAWEI Y9A 6/128 PLATA,DISPOSITIVO / CELULAR / LIBRE
26563,HUAWEI Y9A 6/128 ROSA,DISPOSITIVO / CELULAR / LIBRE
24900,LANIX X560 1/32 AZUL,DISPOSITIVO / CELULAR / LIBRE
24901,LANIX X560 1/32 NEGRO,DISPOSITIVO / CELULAR / LIBRE
24902,LANIX X750 1/32 NGO,DISPOSITIVO / CELULAR / LIBRE
24903,LANIX X860 2/32 VDE,DISPOSITIVO / CELULAR / LIBRE
25533,MOTO E20 2/32 AZUL,DISPOSITIVO / CELULAR / LIBRE
25534,MOTO E20 2/32 GRIS,DISPOSITIVO / CELULAR / LIBRE
40100,MOTO E22I 2/64 BLANCO,DISPOSITIVO / CELULAR / LIBRE
40101,MOTO E22I 2/64 GRIS,DISPOSITIVO / CELULAR / LIBRE
29904,MOTO E32 4/64 GRIS,DISPOSITIVO / CELULAR / LIBRE
29513,MOTO E32 4/64 PLATA,DISPOSITIVO / CELULAR / LIBRE
25535,MOTO E40 4/64 GRIS,DISPOSITIVO / CELULAR / LIBRE
25536,MOTO E40 4/64 ROSA,DISPOSITIVO / CELULAR / LIBRE
25537,MOTO E6-PLAY 2/32 AZUL,DISPOSITIVO / CELULAR / LIBRE
25538,MOTO E6-PLAY 2/32 NEGRO,DISPOSITIVO / CELULAR / LIBRE
25539,MOTO E6I 2/32 GRIS,DISPOSITIVO / CELULAR / LIBRE
25540,MOTO E6I 2/32 ROSA,DISPOSITIVO / CELULAR / LIBRE
25541,MOTO E6S 2/32 AZUL,DISPOSITIVO / CELULAR / LIBRE
25542,MOTO E7-PLUS 4/64 AZUL,DISPOSITIVO / CELULAR / LIBRE
25543,MOTO E7I-POWER 2/32 AZUL,DISPOSITIVO / CELULAR / LIBRE
25544,MOTO E7I-POWER 2/32 NARANJA,DISPOSITIVO / CELULAR / LIBRE
25545,MOTO G10 4/64 GRIS,DISPOSITIVO / CELULAR / LIBRE
25546,MOTO G10-POWER 4/64 AZUL,DISPOSITIVO / CELULAR / LIBRE
25547,MOTO G10-POWER 4/64 GRIS,DISPOSITIVO / CELULAR / LIBRE
25548,MOTO G20 4/128 AZUL,DISPOSITIVO / CELULAR / LIBRE
27181,MOTO G20 4/128 VERDE,DISPOSITIVO / CELULAR / LIBRE
25549,MOTO G20 4/64 AZUL,DISPOSITIVO / CELULAR / LIBRE
25550,MOTO G20 4/64 ROSA,DISPOSITIVO / CELULAR / LIBRE
30980,MOTO G22 4/128 AZUL,DISPOSITIVO / CELULAR / LIBRE
29496,MOTO G22 4/128 BLANCO,DISPOSITIVO / CELULAR / LIBRE
26585,MOTO G22 4/128 NEGRO,DISPOSITIVO / CELULAR / LIBRE
31431,MOTO G22 4/64 AZUL,DISPOSITIVO / CELULAR / LIBRE
30926,MOTO G22 4/64 NEGRO,DISPOSITIVO / CELULAR / LIBRE
25551,MOTO G30 4/128 GRIS,DISPOSITIVO / CELULAR / LIBRE
25552,MOTO G30 4/128 LILA,DISPOSITIVO / CELULAR / LIBRE
25553,MOTO G30 4/64 NEGRO,DISPOSITIVO / CELULAR / LIBRE
25554,MOTO G30 6/128 GRIS,DISPOSITIVO / CELULAR / LIBRE
29525,MOTO G31 4/128 AZUL,DISPOSITIVO / CELULAR / LIBRE
26138,MOTO G31 4/128 GRIS,DISPOSITIVO / CELULAR / LIBRE
25555,MOTO G31 4/64 AZUL,DISPOSITIVO / CELULAR / LIBRE
25556,MOTO G31 4/64 GRIS,DISPOSITIVO / CELULAR / LIBRE
26579,MOTO G41 4/128 DORADO,DISPOSITIVO / CELULAR / LIBRE
26578,MOTO G41 4/128 NEGRO,DISPOSITIVO / CELULAR / LIBRE
31123,MOTO G42 4/128 ROSA,DISPOSITIVO / CELULAR / LIBRE
31124,MOTO G42 4/128 VERDE,DISPOSITIVO / CELULAR / LIBRE
25557,MOTO G50 4/128 AZUL,DISPOSITIVO / CELULAR / LIBRE
25558,MOTO G50 4/128 GRIS,DISPOSITIVO / CELULAR / LIBRE
25559,MOTO G50 4/128 VERDE,DISPOSITIVO / CELULAR / LIBRE
29338,MOTO G50 8/128 AZUL,DISPOSITIVO / CELULAR / LIBRE
25560,MOTO G51-5G 4/128 AZUL,DISPOSITIVO / CELULAR / LIBRE
25561,MOTO G51-5G 4/128 DORADO,DISPOSITIVO / CELULAR / LIBRE
31122,MOTO G52 6/256 AZUL,DISPOSITIVO / CELULAR / LIBRE
28971,MOTO G52 6/256 BLANCO,DISPOSITIVO / CELULAR / LIBRE
28970,MOTO G52 6/256 NEGRO,DISPOSITIVO / CELULAR / LIBRE
27130,MOTO G60 4/128 NEGRO,DISPOSITIVO / CELULAR / LIBRE
27129,MOTO G60 4/128 PLATA,DISPOSITIVO / CELULAR / LIBRE
25562,MOTO G60 6/128 DORADO,DISPOSITIVO / CELULAR / LIBRE
25563,MOTO G60 6/128 PLATA,DISPOSITIVO / CELULAR / LIBRE
25564,MOTO G60S 6/128 AQUA,DISPOSITIVO / CELULAR / LIBRE
25565,MOTO G60S 6/128 AZUL,DISPOSITIVO / CELULAR / LIBRE
40122,MOTO G62 4/128 AZUL,DISPOSITIVO / CELULAR / LIBRE
40121,MOTO G62 4/128 GRIS,DISPOSITIVO / CELULAR / LIBRE
26561,MOTO G71-5G 6/128 AZUL,DISPOSITIVO / CELULAR / LIBRE
26580,MOTO G71-5G 6/128 VERDE,DISPOSITIVO / CELULAR / LIBRE
25566,MOTO G9-PLAY 4/128 AZUL,DISPOSITIVO / CELULAR / LIBRE
25567,MOTO G9-PLAY 4/64 AZUL,DISPOSITIVO / CELULAR / LIBRE
25568,MOTO G9-POWER 4/128 VERDE,DISPOSITIVO / CELULAR / LIBRE
25605,NOKIA 106 4MB/4MB NEGRO,DISPOSITIVO / CELULAR / LIBRE
25606,NOKIA 110 4MB/4MB NEGRO,DISPOSITIVO / CELULAR / LIBRE
25608,NOKIA C01-PLUS 1/32 AZUL,DISPOSITIVO / CELULAR / LIBRE
25609,NOKIA C01-PLUS 1/32 MORADO,DISPOSITIVO / CELULAR / LIBRE
25610,NOKIA C20 2/32 AZUL,DISPOSITIVO / CELULAR / LIBRE
29841,NOKIA C21 2/32 AZUL,DISPOSITIVO / CELULAR / LIBRE
29842,NOKIA C21 2/32 GRIS,DISPOSITIVO / CELULAR / LIBRE
25611,NOKIA C30 2/64 GRIS,DISPOSITIVO / CELULAR / LIBRE
25612,NOKIA G10 3/64 AZUL,DISPOSITIVO / CELULAR / LIBRE
25625,OPPO A15 3/32 AZUL,DISPOSITIVO / CELULAR / LIBRE
25626,OPPO A15 3/32 NEGRO,DISPOSITIVO / CELULAR / LIBRE
25627,OPPO A53 4/64 NEGRO,DISPOSITIVO / CELULAR / LIBRE
25718,REALME 7I 4/64 GRIS,DISPOSITIVO / CELULAR / LIBRE
25719,REALME C11 2/32 AZUL,DISPOSITIVO / CELULAR / LIBRE
25720,REALME C11 2/32 GRIS,DISPOSITIVO / CELULAR / LIBRE
31503,REALME C35 4/64 NEGRO,DISPOSITIVO / CELULAR / LIBRE
31504,REALME C35 4/64 VERDE,DISPOSITIVO / CELULAR / LIBRE
25726,SAM A01 2/16 NEGRO,DISPOSITIVO / CELULAR / LIBRE
25727,SAM A01 2/16 ROJO,DISPOSITIVO / CELULAR / LIBRE
25728,SAM A01-CORE 1/32 ROJO,DISPOSITIVO / CELULAR / LIBRE
25729,SAM A02 2/32 NEGRO,DISPOSITIVO / CELULAR / LIBRE
25730,SAM A02 3/32 AZUL,DISPOSITIVO / CELULAR / LIBRE
25731,SAM A02 3/32 NEGRO,DISPOSITIVO / CELULAR / LIBRE
25732,SAM A02 3/32 ROJO,DISPOSITIVO / CELULAR / LIBRE
25733,SAM A02 3/64 AZUL,DISPOSITIVO / CELULAR / LIBRE
25734,SAM A02 3/64 NEGRO,DISPOSITIVO / CELULAR / LIBRE
25735,SAM A02S 4/64 NEGRO,DISPOSITIVO / CELULAR / LIBRE
30102,SAM A03 3/32 AZUL,DISPOSITIVO / CELULAR / LIBRE
30103,SAM A03 3/32 ROJO,DISPOSITIVO / CELULAR / LIBRE
26427,SAM A03 4/128 AZUL,DISPOSITIVO / CELULAR / LIBRE
26528,SAM A03 4/128 NEGRO,DISPOSITIVO / CELULAR / LIBRE
26429,SAM A03 4/128 ROJO,DISPOSITIVO / CELULAR / LIBRE
25736,SAM A03 4/64 AZUL,DISPOSITIVO / CELULAR / LIBRE
25737,SAM A03 4/64 NEGRO,DISPOSITIVO / CELULAR / LIBRE
25738,SAM A03 4/64 ROJO,DISPOSITIVO / CELULAR / LIBRE
25739,SAM A03-CORE 2/32 AZUL,DISPOSITIVO / CELULAR / LIBRE
29578,SAM A03-CORE 2/32 BRONCE,DISPOSITIVO / CELULAR / LIBRE
29594,SAM A03-CORE 2/32 MENTA,DISPOSITIVO / CELULAR / LIBRE
25740,SAM A03-CORE 2/32 NGO,DISPOSITIVO / CELULAR / LIBRE
29579,SAM A03-CORE 2/32 ONYX,DISPOSITIVO / CELULAR / LIBRE
25741,SAM A03S 4/64 AZUL,DISPOSITIVO / CELULAR / LIBRE
25742,SAM A03S 4/64 NEGRO,DISPOSITIVO / CELULAR / LIBRE
25743,SAM A03S 4/64 ROJO,DISPOSITIVO / CELULAR / LIBRE
30907,SAM A04 4/64 BLANCO,DISPOSITIVO / CELULAR / LIBRE
30908,SAM A04 4/64 NEGRO,DISPOSITIVO / CELULAR / LIBRE
39686,SAM A04 4/64 VERDE,DISPOSITIVO / CELULAR / LIBRE
31498,SAM A04E 3/64 AZUL,DISPOSITIVO / CELULAR / LIBRE
31499,SAM A04E 3/64 COBRE,DISPOSITIVO / CELULAR / LIBRE
31500,SAM A04E 3/64 NEGRO,DISPOSITIVO / CELULAR / LIBRE
25744,SAM A10S 2/32 AZUL,DISPOSITIVO / CELULAR / LIBRE
25745,SAM A10S 2/32 NEGRO,DISPOSITIVO / CELULAR / LIBRE
25746,SAM A10S 2/32 ROJO,DISPOSITIVO / CELULAR / LIBRE
25747,SAM A10S 2/32 VERDE,DISPOSITIVO / CELULAR / LIBRE
25748,SAM A11 3/64 BCO,DISPOSITIVO / CELULAR / LIBRE
25749,SAM A11 3/64 NEGRO,DISPOSITIVO / CELULAR / LIBRE
25750,SAM A12 4/128 AZUL,DISPOSITIVO / CELULAR / LIBRE
25751,SAM A12 4/128 BCO,DISPOSITIVO / CELULAR / LIBRE
25752,SAM A12 4/128 NEGRO,DISPOSITIVO / CELULAR / LIBRE
25753,SAM A12 4/64 AZUL,DISPOSITIVO / CELULAR / LIBRE
25754,SAM A12 4/64 BLANCO,DISPOSITIVO / CELULAR / LIBRE
25755,SAM A12 4/64 NEGRO,DISPOSITIVO / CELULAR / LIBRE
25756,SAM A12 4/64 ROJO,DISPOSITIVO / CELULAR / LIBRE
26432,SAM A13 4/128 AZUL,DISPOSITIVO / CELULAR / LIBRE
26431,SAM A13 4/128 BLANCO,DISPOSITIVO / CELULAR / LIBRE
27299,SAM A13 4/128 NEGRO,DISPOSITIVO / CELULAR / LIBRE
29339,SAM A13 4/64 AZUL,DISPOSITIVO / CELULAR / LIBRE
29340,SAM A13 4/64 BLANCO,DISPOSITIVO / CELULAR / LIBRE
29341,SAM A13 4/64 NEGRO,DISPOSITIVO / CELULAR / LIBRE
25757,SAM A21S 4/64 BCO,DISPOSITIVO / CELULAR / LIBRE
29515,SAM A22 4/128 BCO,DISPOSITIVO / CELULAR / LIBRE
25758,SAM A22 4/64 BCO,DISPOSITIVO / CELULAR / LIBRE
25759,SAM A22 4/64 LILA,DISPOSITIVO / CELULAR / LIBRE
25760,SAM A22 4/64 MENTA,DISPOSITIVO / CELULAR / LIBRE
25761,SAM A22 4/64 NEGRO,DISPOSITIVO / CELULAR / LIBRE
26433,SAM A23 4/128 AZUL,DISPOSITIVO / CELULAR / LIBRE
26434,SAM A23 4/128 BLANCO,DISPOSITIVO / CELULAR / LIBRE
26437,SAM A23 4/128 NEGRO,DISPOSITIVO / CELULAR / LIBRE
31487,SAM A23 4/64 AZUL,DISPOSITIVO / CELULAR / LIBRE
40120,SAM A23 4/64 BLANCO,DISPOSITIVO / CELULAR / LIBRE
28967,SAM A23 4/64 NEGRO,DISPOSITIVO / CELULAR / LIBRE
25762,SAM A32 4/128 AZUL,DISPOSITIVO / CELULAR / LIBRE
25763,SAM A32 4/128 BCO,DISPOSITIVO / CELULAR / LIBRE
25764,SAM A32 4/128 LILA,DISPOSITIVO / CELULAR / LIBRE
25765,SAM A32 4/128 NEGRO,DISPOSITIVO / CELULAR / LIBRE
26577,SAM A33 6/128 AZUL,DISPOSITIVO / CELULAR / LIBRE
26575,SAM A33 6/128 BLANCO,DISPOSITIVO / CELULAR / LIBRE
30106,SAM A33 6/128 DURAZNO,DISPOSITIVO / CELULAR / LIBRE
26576,SAM A33 6/128 NEGRO,DISPOSITIVO / CELULAR / LIBRE
25766,SAM A52 6/128 AZUL,DISPOSITIVO / CELULAR / LIBRE
25767,SAM A52 6/128 BLANCO,DISPOSITIVO / CELULAR / LIBRE
25769,SAM A52 6/128 LILA,DISPOSITIVO / CELULAR / LIBRE
25768,SAM A52 6/128 NEGRO,DISPOSITIVO / CELULAR / LIBRE
25770,SAM A52S-5G 6/128 NEGRO,DISPOSITIVO / CELULAR / LIBRE
25771,SAM A52S-5G 6/128 VERDE,DISPOSITIVO / CELULAR / LIBRE
29334,SAM A53 6/128 AZUL,DISPOSITIVO / CELULAR / LIBRE
29335,SAM A53 6/128 BLANCO,DISPOSITIVO / CELULAR / LIBRE
29336,SAM A53 6/128 DURAZNO,DISPOSITIVO / CELULAR / LIBRE
29337,SAM A53 6/128 NEGRO,DISPOSITIVO / CELULAR / LIBRE
26278,SAM A53 8/128 AZUL,DISPOSITIVO / CELULAR / LIBRE
26279,SAM A53 8/128 BLANCO,DISPOSITIVO / CELULAR / LIBRE
26277,SAM A53 8/128 DURAZNO,DISPOSITIVO / CELULAR / LIBRE
26280,SAM A53 8/128 NEGRO,DISPOSITIVO / CELULAR / LIBRE
25772,SAM A72 6/128 AZUL,DISPOSITIVO / CELULAR / LIBRE
25773,SAM A72 6/128 BCO,DISPOSITIVO / CELULAR / LIBRE
25774,SAM A72 6/128 LILA,DISPOSITIVO / CELULAR / LIBRE
25775,SAM A72 6/128 NEGRO,DISPOSITIVO / CELULAR / LIBRE
25776,SAM S20-PLUS 8/128 AZUL,DISPOSITIVO / CELULAR / LIBRE
29652,SAM S22-ULTRA 12/256 NEGRO,DISPOSITIVO / CELULAR / LIBRE
31428,SKY K55 1/16 AZUL,DISPOSITIVO / CELULAR / LIBRE
31426,SKY K55 1/16 DORADO,DISPOSITIVO / CELULAR / LIBRE
31427,SKY K55 1/16 PLATA,DISPOSITIVO / CELULAR / LIBRE
31054,TABLET-GHIA A7-7-PLUS 2/16 NEGRA,DISPOSITIVO / CELULAR / LIBRE
31055,TABLET-GHIA A7-7-PLUS 2/16 ROJO,DISPOSITIVO / CELULAR / LIBRE
30330,TABLET-GHIA A7-7-WIFI 1/16 NEGRA,DISPOSITIVO / CELULAR / LIBRE
31059,TABLET-GHIA PANDA-7 2/16 VARIOS,DISPOSITIVO / CELULAR / LIBRE
31058,TABLET-GHIA VECTOR-3G-10.1 2/16 NEGRO,DISPOSITIVO / CELULAR / LIBRE
31057,TABLET-GHIA VECTOR-SLIM-10.1 2/16 GRIS,DISPOSITIVO / CELULAR / LIBRE
31056,TABLET-GHIA VECTOR-SLIM-10.1 2/16 NEGRO,DISPOSITIVO / CELULAR / LIBRE
31462,TABLET-QTAB V5-PLUS 2/32 NEGRA,DISPOSITIVO / CELULAR / LIBRE
25905,TCL 20E 4/64 AZUL,DISPOSITIVO / CELULAR / LIBRE
25934,VIVO Y11S 3/32 AZUL,DISPOSITIVO / CELULAR / LIBRE
25935,VIVO Y11S 3/32 NEGRO,DISPOSITIVO / CELULAR / LIBRE
25936,VIVO Y20 4/64 AZUL,DISPOSITIVO / CELULAR / LIBRE
25937,VIVO Y20 4/64 NEGRO,DISPOSITIVO / CELULAR / LIBRE
39982,XIAOMI MI-12-LITE 8/128 VERDE,DISPOSITIVO / CELULAR / LIBRE
25970,XIAOMI NOTE-8-2021 4/64 AZUL,DISPOSITIVO / CELULAR / LIBRE
25971,XIAOMI NOTE-9-PRO 6/128 VERDE,DISPOSITIVO / CELULAR / LIBRE
25972,XIAOMI NOTE-9S 4/64 BCO,DISPOSITIVO / CELULAR / LIBRE
30594,XIAOMI POCO-C40 3/32 NEGRO,DISPOSITIVO / CELULAR / LIBRE
30419,XIAOMI POCO-C40 3/32 VERDE,DISPOSITIVO / CELULAR / LIBRE
31465,XIAOMI POCO-C40 4/64 AMARILLO,DISPOSITIVO / CELULAR / LIBRE
30090,XIAOMI POCO-C40 4/64 NEGRO,DISPOSITIVO / CELULAR / LIBRE
30176,XIAOMI POCO-C40 4/64 VERDE,DISPOSITIVO / CELULAR / LIBRE
39758,XIAOMI POCO-F4 6/128 NEGRO,DISPOSITIVO / CELULAR / LIBRE
25973,XIAOMI POCO-M3 4/128 NEGRO,DISPOSITIVO / CELULAR / LIBRE
25974,XIAOMI POCO-M3-PRO 4/64 AZUL,DISPOSITIVO / CELULAR / LIBRE
26081,XIAOMI POCO-M4-PRO 6/128 AMARILLO,DISPOSITIVO / CELULAR / LIBRE
25975,XIAOMI POCO-M4-PRO 6/128 AZUL,DISPOSITIVO / CELULAR / LIBRE
25976,XIAOMI POCO-M4-PRO 6/128 NEGRO,DISPOSITIVO / CELULAR / LIBRE
31233,XIAOMI POCO-M4-PRO 8/256 AMA,DISPOSITIVO / CELULAR / LIBRE
30108,XIAOMI POCO-M4-PRO 8/256 AZUL,DISPOSITIVO / CELULAR / LIBRE
30324,XIAOMI POCO-M4-PRO 8/256 NGO,DISPOSITIVO / CELULAR / LIBRE
31052,XIAOMI POCO-M5 4/128 NEGRO,DISPOSITIVO / CELULAR / LIBRE
31053,XIAOMI POCO-M5 4/128 VERDE,DISPOSITIVO / CELULAR / LIBRE
40314,XIAOMI POCO-M5S 6/128 AZUL,DISPOSITIVO / CELULAR / LIBRE
30325,XIAOMI POCO-M5S 6/128 GRIS,DISPOSITIVO / CELULAR / LIBRE
25977,XIAOMI POCO-X3 6/64 AZUL,DISPOSITIVO / CELULAR / LIBRE
25978,XIAOMI POCO-X3 6/64 GRIS,DISPOSITIVO / CELULAR / LIBRE
25979,XIAOMI POCO-X3-GT 8/128 AZUL,DISPOSITIVO / CELULAR / LIBRE
26082,XIAOMI POCO-X3-GT 8/128 BCO,DISPOSITIVO / CELULAR / LIBRE
25980,XIAOMI POCO-X3-GT 8/128 NGO,DISPOSITIVO / CELULAR / LIBRE
25981,XIAOMI POCO-X3-GT 8/256 AZUL,DISPOSITIVO / CELULAR / LIBRE
25982,XIAOMI POCO-X3-GT 8/256 NGO,DISPOSITIVO / CELULAR / LIBRE
25983,XIAOMI POCO-X3-PRO 6/128 AZUL,DISPOSITIVO / CELULAR / LIBRE
25984,XIAOMI POCO-X3-PRO 6/128 BRONCE,DISPOSITIVO / CELULAR / LIBRE
25985,XIAOMI POCO-X3-PRO 6/128 NEGRO,DISPOSITIVO / CELULAR / LIBRE
25986,XIAOMI POCO-X3-PRO 8/256 AZUL,DISPOSITIVO / CELULAR / LIBRE
25987,XIAOMI POCO-X3-PRO 8/256 NEGRO,DISPOSITIVO / CELULAR / LIBRE
30091,XIAOMI POCO-X4-PRO 6/128 AMARILLO,DISPOSITIVO / CELULAR / LIBRE
30329,XIAOMI POCO-X4-PRO 6/128 AZUL,DISPOSITIVO / CELULAR / LIBRE
26572,XIAOMI POCO-X4-PRO 6/128 NEGRO,DISPOSITIVO / CELULAR / LIBRE
26542,XIAOMI POCO-X4-PRO 8/256 AMA,DISPOSITIVO / CELULAR / LIBRE
30179,XIAOMI POCO-X4-PRO 8/256 NGO,DISPOSITIVO / CELULAR / LIBRE
25993,XIAOMI REDMI-10 4/128 AZUL,DISPOSITIVO / CELULAR / LIBRE
25994,XIAOMI REDMI-10 4/128 GRIS,DISPOSITIVO / CELULAR / LIBRE
26139,XIAOMI REDMI-10 4/64 AZUL,DISPOSITIVO / CELULAR / LIBRE
26140,XIAOMI REDMI-10 4/64 GRIS,DISPOSITIVO / CELULAR / LIBRE
30592,XIAOMI REDMI-10A 2/32 GRIS,DISPOSITIVO / CELULAR / LIBRE
29649,XIAOMI REDMI-10A 3/64 AZUL,DISPOSITIVO / CELULAR / LIBRE
27157,XIAOMI REDMI-10A 3/64 GRIS,DISPOSITIVO / CELULAR / LIBRE
29650,XIAOMI REDMI-10A 3/64 PLATA,DISPOSITIVO / CELULAR / LIBRE
29493,XIAOMI REDMI-10C 3/64 GRIS,DISPOSITIVO / CELULAR / LIBRE
28974,XIAOMI REDMI-10C 3/64 VERDE,DISPOSITIVO / CELULAR / LIBRE
30508,XIAOMI REDMI-10C 4/128 AZUL,DISPOSITIVO / CELULAR / LIBRE
27184,XIAOMI REDMI-10C 4/128 GRIS,DISPOSITIVO / CELULAR / LIBRE
27156,XIAOMI REDMI-10C 4/64 GRIS,DISPOSITIVO / CELULAR / LIBRE
25995,XIAOMI REDMI-9 3/32 GRIS,DISPOSITIVO / CELULAR / LIBRE
25996,XIAOMI REDMI-9 3/32 MORADO,DISPOSITIVO / CELULAR / LIBRE
25997,XIAOMI REDMI-9 3/32 VERDE,DISPOSITIVO / CELULAR / LIBRE
25998,XIAOMI REDMI-9 4/64 GRIS,DISPOSITIVO / CELULAR / LIBRE
25999,XIAOMI REDMI-9A 2/32 AZUL,DISPOSITIVO / CELULAR / LIBRE
26000,XIAOMI REDMI-9A 2/32 GRIS,DISPOSITIVO / CELULAR / LIBRE
26001,XIAOMI REDMI-9A 2/32 NEGRO,DISPOSITIVO / CELULAR / LIBRE
26002,XIAOMI REDMI-9A 2/32 VERDE,DISPOSITIVO / CELULAR / LIBRE
26003,XIAOMI REDMI-9C 2/32 GRIS,DISPOSITIVO / CELULAR / LIBRE
26317,XIAOMI REDMI-9C 3/64 GRIS,DISPOSITIVO / CELULAR / LIBRE
27183,XIAOMI REDMI-9C 3/64 VERDE,DISPOSITIVO / CELULAR / LIBRE
30327,XIAOMI REDMI-A1 2/32 AZUL,DISPOSITIVO / CELULAR / LIBRE
30326,XIAOMI REDMI-A1 2/32 NGO,DISPOSITIVO / CELULAR / LIBRE
31486,XIAOMI REDMI-A1 2/32 VERDE,DISPOSITIVO / CELULAR / LIBRE
26005,XIAOMI REDMI-NOTE-10 4/128 BCO,DISPOSITIVO / CELULAR / LIBRE
26006,XIAOMI REDMI-NOTE-10 4/128 GRIS,DISPOSITIVO / CELULAR / LIBRE
26007,XIAOMI REDMI-NOTE-10 4/128 VERDE,DISPOSITIVO / CELULAR / LIBRE
26008,XIAOMI REDMI-NOTE-10 4/64 NEGRO,DISPOSITIVO / CELULAR / LIBRE
26009,XIAOMI REDMI-NOTE-10 4/64 VERDE,DISPOSITIVO / CELULAR / LIBRE
26010,XIAOMI REDMI-NOTE-10 6/128 VERDE,DISPOSITIVO / CELULAR / LIBRE
26011,XIAOMI REDMI-NOTE-10-PRO 6/128 AZUL,DISPOSITIVO / CELULAR / LIBRE
26012,XIAOMI REDMI-NOTE-10-PRO 6/128 BRONCE,DISPOSITIVO / CELULAR / LIBRE
26013,XIAOMI REDMI-NOTE-10-PRO 6/128 GRIS,DISPOSITIVO / CELULAR / LIBRE
29672,XIAOMI REDMI-NOTE-10-PRO 6/128 MORADO,DISPOSITIVO / CELULAR / LIBRE
29671,XIAOMI REDMI-NOTE-10-PRO 6/128 VERDE,DISPOSITIVO / CELULAR / LIBRE
26014,XIAOMI REDMI-NOTE-10S 6/128 AZUL,DISPOSITIVO / CELULAR / LIBRE
30202,XIAOMI REDMI-NOTE-10S 6/128 BLANCO,DISPOSITIVO / CELULAR / LIBRE
26015,XIAOMI REDMI-NOTE-10S 6/128 GRIS,DISPOSITIVO / CELULAR / LIBRE
26016,XIAOMI REDMI-NOTE-10S 6/128 MORADO,DISPOSITIVO / CELULAR / LIBRE
26017,XIAOMI REDMI-NOTE-10S 6/128 NGO,DISPOSITIVO / CELULAR / LIBRE
27297,XIAOMI REDMI-NOTE-10S 8/128 GRIS,DISPOSITIVO / CELULAR / LIBRE
26079,XIAOMI REDMI-NOTE-11 4/128 AZUL,DISPOSITIVO / CELULAR / LIBRE
26018,XIAOMI REDMI-NOTE-11 4/128 BCO,DISPOSITIVO / CELULAR / LIBRE
29057,XIAOMI REDMI-NOTE-11 4/128 GRIS,DISPOSITIVO / CELULAR / LIBRE
26080,XIAOMI REDMI-NOTE-11 4/128 NGO,DISPOSITIVO / CELULAR / LIBRE
29677,XIAOMI REDMI-NOTE-11 6/128 AZUL,DISPOSITIVO / CELULAR / LIBRE
26019,XIAOMI REDMI-NOTE-11 6/128 NGO,DISPOSITIVO / CELULAR / LIBRE
30089,XIAOMI REDMI-NOTE-11-PRO 6/128 AZUL,DISPOSITIVO / CELULAR / LIBRE
27185,XIAOMI REDMI-NOTE-11-PRO 6/128 BLANCO,DISPOSITIVO / CELULAR / LIBRE
26728,XIAOMI REDMI-NOTE-11-PRO 6/128 GRIS,DISPOSITIVO / CELULAR / LIBRE
26541,XIAOMI REDMI-NOTE-11S 6/128 AZUL,DISPOSITIVO / CELULAR / LIBRE
26078,XIAOMI REDMI-NOTE-11S 6/128 NGO,DISPOSITIVO / CELULAR / LIBRE
31238,XIAOMI REDMI-NOTE-11S 8/128 AZUL,DISPOSITIVO / CELULAR / LIBRE
26041,ZTE A3-LITE 1/32 NEGRO,DISPOSITIVO / CELULAR / LIBRE
26042,ZTE A31 1/32 AZUL,DISPOSITIVO / CELULAR / LIBRE
26043,ZTE A31 1/32 GRIS,DISPOSITIVO / CELULAR / LIBRE
26044,ZTE A51 2/64 AZUL,DISPOSITIVO / CELULAR / LIBRE
26045,ZTE A51 2/64 GRIS,DISPOSITIVO / CELULAR / LIBRE
40155,ZTE A52 2/64 AZUL,DISPOSITIVO / CELULAR / LIBRE
30950,ZTE A52 2/64 GRIS,DISPOSITIVO / CELULAR / LIBRE
26046,ZTE A7S 2/64 AZUL,DISPOSITIVO / CELULAR / LIBRE
26047,ZTE A7S 2/64 NEGRO,DISPOSITIVO / CELULAR / LIBRE
30948,ZTE BLADE-V40-SMART 3/64 AZUL,DISPOSITIVO / CELULAR / LIBRE
30949,ZTE BLADE-V40-SMART 3/64 GRIS,DISPOSITIVO / CELULAR / LIBRE
26049,ZTE L210 1/32 AZUL,DISPOSITIVO / CELULAR / LIBRE
26050,ZTE L210 1/32 NEGRO,DISPOSITIVO / CELULAR / LIBRE
26051,ZTE L8 1/32 AZUL,DISPOSITIVO / CELULAR / LIBRE
26052,ZTE L8 1/32 DORADO,DISPOSITIVO / CELULAR / LIBRE
26053,ZTE L8 1/32 NEGRO,DISPOSITIVO / CELULAR / LIBRE
30608,ZTE L9 1/32 AZUL,DISPOSITIVO / CELULAR / LIBRE
26054,ZTE L9 1/32 GRIS,DISPOSITIVO / CELULAR / LIBRE
19080,ACER LIQUID ZEST PLUS AZUL,DISPOSITIVO / CELULAR / LIBRE
19119,ADVANCE 4.0M AZUL,DISPOSITIVO / CELULAR / LIBRE
19120,ADVANCE 4.0M NEGRO,DISPOSITIVO / CELULAR / LIBRE
19121,AIWA AW M501 NEGRO,DISPOSITIVO / CELULAR / LIBRE
19122,AIWA AW M501 ROSA,DISPOSITIVO / CELULAR / LIBRE
19123,AIWA AW M509 BLANCO,DISPOSITIVO / CELULAR / LIBRE
19124,AIWA AW M509 DORADO,DISPOSITIVO / CELULAR / LIBRE
19125,AIWA AW M509 GRIS OXFORD,DISPOSITIVO / CELULAR / LIBRE
19126,AIWATCH PLATA,DISPOSITIVO / CELULAR / LIBRE
19132,ALC TAB-1T7-4G 1/16 NEGRO,DISPOSITIVO / CELULAR / LIBRE
19138,ALCATEL 4009 NEGRO,DISPOSITIVO / CELULAR / LIBRE
19153,ALCATEL ONE TOUCH PIXI 3 (4) OT 4013 NEG,DISPOSITIVO / CELULAR / LIBRE
19154,"ALCATEL POP2 7043A 5"" NEGRO",DISPOSITIVO / CELULAR / LIBRE
19155,ALCATEL ROUTER HH41NH BLANCO,DISPOSITIVO / CELULAR / LIBRE
19423,BLU ADVANCE L5 ROJO DUAL SIM,DISPOSITIVO / CELULAR / LIBRE
19424,BLU AX681 NEGRO,DISPOSITIVO / CELULAR / LIBRE
19425,BLU AX687 GRIS,DISPOSITIVO / CELULAR / LIBRE
19426,BLU AX821 DORADO,DISPOSITIVO / CELULAR / LIBRE
19427,BLU AX821 PLATEADO,DISPOSITIVO / CELULAR / LIBRE
19428,BLU AX823 DORADO,DISPOSITIVO / CELULAR / LIBRE
19429,BLU AX920 ROSA,DISPOSITIVO / CELULAR / LIBRE
19430,BLU B2M DECADE 53 NEGRO,DISPOSITIVO / CELULAR / LIBRE
19431,BLU B50 NEGRO,DISPOSITIVO / CELULAR / LIBRE
19432,BLU C4 AZUL,DISPOSITIVO / CELULAR / LIBRE
19433,BLU C4 NEGRO,DISPOSITIVO / CELULAR / LIBRE
19434,BLU C5 2018 NEGRO,DISPOSITIVO / CELULAR / LIBRE
19444,BLU C6 AZUL,DISPOSITIVO / CELULAR / LIBRE
19445,BLU C6 ORO,DISPOSITIVO / CELULAR / LIBRE
19441,BLU C6-2019 X/X ROJO,DISPOSITIVO / CELULAR / LIBRE
19442,BLU C6-2020 X/X AZUL,DISPOSITIVO / CELULAR / LIBRE
19446,BLU DASH XL NEGRO,DISPOSITIVO / CELULAR / LIBRE
19447,BLU DIVA FLEX 2.4 GRIS,DISPOSITIVO / CELULAR / LIBRE
19448,BLU DIVA FLIP NEGRO,DISPOSITIVO / CELULAR / LIBRE
19449,BLU FLASH VERDE,DISPOSITIVO / CELULAR / LIBRE
19450,BLU G50 ROJO,DISPOSITIVO / CELULAR / LIBRE
19454,BLU J4 1/32 CAFÉ,DISPOSITIVO / CELULAR / LIBRE
19455,BLU J4 1/32 MORADO,DISPOSITIVO / CELULAR / LIBRE
19456,BLU J4 1/32 NEGRO,DISPOSITIVO / CELULAR / LIBRE
19461,BLU JENNY TURQUESA,DISPOSITIVO / CELULAR / LIBRE
19462,BLU K372 AZUL,DISPOSITIVO / CELULAR / LIBRE
19463,BLU K372 NEGRO,DISPOSITIVO / CELULAR / LIBRE
19464,BLU K373 AZUL,DISPOSITIVO / CELULAR / LIBRE
19465,BLU K373 GRIS,DISPOSITIVO / CELULAR / LIBRE
19466,BLU K373 NEGRO,DISPOSITIVO / CELULAR / LIBRE
19467,BLU K373 ROSA,DISPOSITIVO / CELULAR / LIBRE
19468,BLU K380 AZUL,DISPOSITIVO / CELULAR / LIBRE
19469,BLU K380 GRIS,DISPOSITIVO / CELULAR / LIBRE
19470,BLU K380 NEGRO,DISPOSITIVO / CELULAR / LIBRE
19471,BLU KAIOS K26 NEGRO,DISPOSITIVO / CELULAR / LIBRE
19472,BLU STUDIO VIEW XL NEGRO,DISPOSITIVO / CELULAR / LIBRE
26029,BLU ZOEY-FLEXZ130 DORADO,DISPOSITIVO / CELULAR / LIBRE
19569,C212 NEGRO,DISPOSITIVO / CELULAR / LIBRE
19570,C212 ROJO,DISPOSITIVO / CELULAR / LIBRE
19571,C5 AZUL,DISPOSITIVO / CELULAR / LIBRE
19572,C5 ORO,DISPOSITIVO / CELULAR / LIBRE
19573,C6 NEGRO,DISPOSITIVO / CELULAR / LIBRE
19764,CELULAR KITTY BLANCO,DISPOSITIVO / CELULAR / LIBRE
19846,DASH JR 3G NEGRO,DISPOSITIVO / CELULAR / LIBRE
19847,DASH L NEGRO,DISPOSITIVO / CELULAR / LIBRE
19848,DASH L3 ROJO,DISPOSITIVO / CELULAR / LIBRE
19849,DASH MUSIC JR NEGRO GRIS,DISPOSITIVO / CELULAR / LIBRE
19850,DASH MUSIC JR/DESCUENTO,DISPOSITIVO / CELULAR / LIBRE
19860,DIAMOND M PLATA,DISPOSITIVO / CELULAR / LIBRE
19869,DIVA FLEX ROSA,DISPOSITIVO / CELULAR / LIBRE
19886,EPIX AZUL,DISPOSITIVO / CELULAR / LIBRE
19887,EPIX DORADO,DISPOSITIVO / CELULAR / LIBRE
24761,FLIP 911 3.5G BLANCO,DISPOSITIVO / CELULAR / LIBRE
24762,FLIP 911 3.5G ROJO,DISPOSITIVO / CELULAR / LIBRE
24763,FLIP 911 AZUL,DISPOSITIVO / CELULAR / LIBRE
24772,GRAND X NEGRO,DISPOSITIVO / CELULAR / LIBRE
24773,GRAND X ORO,DISPOSITIVO / CELULAR / LIBRE
24804,HTC 826 BLANCO,DISPOSITIVO / CELULAR / LIBRE
24832,HUAWEI NEXUS 6P DORADO,DISPOSITIVO / CELULAR / LIBRE
24841,HUAWEI Y5 NEO CAFÉ,DISPOSITIVO / CELULAR / LIBRE
24842,HUAWEI Y6 2016 BLANCO,DISPOSITIVO / CELULAR / LIBRE
24847,HUAWEI Y7 2019 64GB AZUL,DISPOSITIVO / CELULAR / LIBRE
24862,INFINIT LITE 2 NEGRO,DISPOSITIVO / CELULAR / LIBRE
24863,INFINIT LITE 2 PLATA,DISPOSITIVO / CELULAR / LIBRE
24864,INFINIT MX PRO BLUE DEMON,DISPOSITIVO / CELULAR / LIBRE
24865,INFINIT MX PRO GRIS CARBÓN,DISPOSITIVO / CELULAR / LIBRE
24866,INFINIT X CAM BLUE DEVIL,DISPOSITIVO / CELULAR / LIBRE
24867,INFINIT X CAM HOLY SILVER,DISPOSITIVO / CELULAR / LIBRE
24868,INFINIT X CAM RED SCARLETT,DISPOSITIVO / CELULAR / LIBRE
24869,INFINITI MX GRIS CARBÓN,DISPOSITIVO / CELULAR / LIBRE
24870,INFINITI MX ROSA VENUS,DISPOSITIVO / CELULAR / LIBRE
24871,IPHONE 6 PLUS 16GB SILVER,DISPOSITIVO / CELULAR / LIBRE
24872,JANET/DESCUENTO,DISPOSITIVO / CELULAR / LIBRE
24899,LANIX X220 BLANCO,DISPOSITIVO / CELULAR / LIBRE
24908,LG K11 PLUS AZUL,DISPOSITIVO / CELULAR / LIBRE
24909,LG K11 PLUS NEGRO,DISPOSITIVO / CELULAR / LIBRE
24910,LG K30 NEGRO,DISPOSITIVO / CELULAR / LIBRE
24911,LG K40 NEGRO 32GB,DISPOSITIVO / CELULAR / LIBRE
24947,"MEXTABLET 7"" BLANCA",DISPOSITIVO / CELULAR / LIBRE
24949,"MEXTABLET 7"" NEGRA",DISPOSITIVO / CELULAR / LIBRE
24950,MEXTABLET AZUL,DISPOSITIVO / CELULAR / LIBRE
24953,MEXTABLET VERDE,DISPOSITIVO / CELULAR / LIBRE
25570,MOTOROLA E4 NEGRO,DISPOSITIVO / CELULAR / LIBRE
25571,MOTOROLA E4 NEGRO,DISPOSITIVO / CELULAR / LIBRE
25574,MOTOROLA G6 PLAY AZUL,DISPOSITIVO / CELULAR / LIBRE
25607,NOKIA 2 COBRE,DISPOSITIVO / CELULAR / LIBRE
25615,NOKIA N3 AZUL,DISPOSITIVO / CELULAR / LIBRE
25616,NOKIA N3 NEGRO,DISPOSITIVO / CELULAR / LIBRE
25617,NYX MOBILE 4G REX NEGRO,DISPOSITIVO / CELULAR / LIBRE
25619,NYX MOBILE GSM XYN306 NEGRO/PLATA,DISPOSITIVO / CELULAR / LIBRE
25621,NYX MOBILE XYN306 PLATEADO/NEGRO,DISPOSITIVO / CELULAR / LIBRE
25633,PANASONIC ELUGA F PLATA,DISPOSITIVO / CELULAR / LIBRE
25714,QTOUCH Q85 NEGRO,DISPOSITIVO / CELULAR / LIBRE
25725,ROUTER TCL WR10 LINKHUB AC1200 BLANCO,DISPOSITIVO / CELULAR / LIBRE
30111,SAM S22-ULTRA 12/256 BORGOÑA,DISPOSITIVO / CELULAR / LIBRE
25777,SAMBA TV/DESCUENTO,DISPOSITIVO / CELULAR / LIBRE
25779,SAMSUNG A10 32GB NEGRO,DISPOSITIVO / CELULAR / LIBRE
25780,SAMSUNG A10E NEGRO 32GB,DISPOSITIVO / CELULAR / LIBRE
25781,SAMSUNG A20S ROJO 32GB,DISPOSITIVO / CELULAR / LIBRE
25782,SAMSUNG A30 BLANCO 32GB,DISPOSITIVO / CELULAR / LIBRE
25783,SAMSUNG A30S 64GB MORADO,DISPOSITIVO / CELULAR / LIBRE
25784,SAMSUNG A30S BLANCO 128GB,DISPOSITIVO / CELULAR / LIBRE
25788,SAMSUNG J7 NEO DORADO,DISPOSITIVO / CELULAR / LIBRE
25798,SAMSUNG M21S NEGRO 64GB,DISPOSITIVO / CELULAR / LIBRE
25834,SMARTPHONE HYPRO H503 BLANCO,DISPOSITIVO / CELULAR / LIBRE
25835,SMARTWATCH 2017 DORADO,DISPOSITIVO / CELULAR / LIBRE
25836,SMARTWATCH LENOVO HW10 COLORES VARIOS,DISPOSITIVO / CELULAR / LIBRE
25840,SMARTWATCH ZENEK Z08 NEGRO,DISPOSITIVO / CELULAR / LIBRE
25856,STUDIO J1 NEGRO,DISPOSITIVO / CELULAR / LIBRE
25857,STUDIO J2 NEGRO BRILLANTE,DISPOSITIVO / CELULAR / LIBRE
25858,STUDIO MEGA 2018 AZUL,DISPOSITIVO / CELULAR / LIBRE
25859,STUDIO MEGA 2018 NEGRO,DISPOSITIVO / CELULAR / LIBRE
25860,STUDIO VIEW NEGRO,DISPOSITIVO / CELULAR / LIBRE
25861,STUDIO VIEW ORO,DISPOSITIVO / CELULAR / LIBRE
25862,STUDIO XL BLANCO,DISPOSITIVO / CELULAR / LIBRE
25874,TABLET GHIA A7 1/16 ANDROID 11,DISPOSITIVO / CELULAR / LIBRE
25875,"TABLET GHIA A7 7"" WIFI ROJA",DISPOSITIVO / CELULAR / LIBRE
25876,TABLET GHIA A7 AZUL,DISPOSITIVO / CELULAR / LIBRE
25877,TABLET GHIA A7 BLANCA,DISPOSITIVO / CELULAR / LIBRE
25878,TABLET GHIA A7 NEGRA,DISPOSITIVO / CELULAR / LIBRE
25879,TABLET GHIA AXIS 7 BLANCO,DISPOSITIVO / CELULAR / LIBRE
25880,TABLET GHIA KIDS 221 AZUL,DISPOSITIVO / CELULAR / LIBRE
25881,TABLET GHIA KIDS 221 ROSA,DISPOSITIVO / CELULAR / LIBRE
25882,TABLET GHIA VECTOR 10.1 NEGRA,DISPOSITIVO / CELULAR / LIBRE
25897,TANK JR AMARILLO,DISPOSITIVO / CELULAR / LIBRE
25898,TANK JR BLANCO,DISPOSITIVO / CELULAR / LIBRE
25910,TEL INFINITI 3G BCO/PEARL 1,DISPOSITIVO / CELULAR / LIBRE
25911,TELEFONO BLU JANET ORANGE,DISPOSITIVO / CELULAR / LIBRE
25912,TELEFONO BLU STUDIO 5.0 K BLANCO,DISPOSITIVO / CELULAR / LIBRE
25913,TELEFONO BLU ZOEY 2.4 WHITE/PINK,DISPOSITIVO / CELULAR / LIBRE
25914,TELEFONO OHR SMASH 5IN 3G BLANCO,DISPOSITIVO / CELULAR / LIBRE
25915,TELEFONO OHR/DESCUENTO,DISPOSITIVO / CELULAR / LIBRE
25918,TFL ONE GRIS,DISPOSITIVO / CELULAR / LIBRE
25952,XIAOMI LTE REDMI 7A AZUL 2/32GB,DISPOSITIVO / CELULAR / LIBRE
25963,XIAOMI MI-11-LITE 6/128 AZUL,DISPOSITIVO / CELULAR / LIBRE
25964,XIAOMI MI-11-LITE 6/128 NEGRO,DISPOSITIVO / CELULAR / LIBRE
25965,XIAOMI MI-11-LITE 6/128 ROSA,DISPOSITIVO / CELULAR / LIBRE
27298,XIAOMI MI-11-LITE 8/128 NEGRO,DISPOSITIVO / CELULAR / LIBRE
25966,XIAOMI MI-11-LITE-5G 6/128 AZUL,DISPOSITIVO / CELULAR / LIBRE
25967,XIAOMI MI-11-LITE-5G 6/128 NEGRO,DISPOSITIVO / CELULAR / LIBRE
26024,YEAH GO GRIS,DISPOSITIVO / CELULAR / LIBRE
26025,YEAH GO ROJO,DISPOSITIVO / CELULAR / LIBRE
26026,YEAH LIVE NARANJA,DISPOSITIVO / CELULAR / LIBRE
26027,Z3 M NEGRO/AZUL,DISPOSITIVO / CELULAR / LIBRE
26028,Z3 MUSIC NEGRO/GRIS,DISPOSITIVO / CELULAR / LIBRE
26030,ZOEY FLEX Z130 NEGRO,DISPOSITIVO / CELULAR / LIBRE
26031,ZOEY II NEGRO GRIS,DISPOSITIVO / CELULAR / LIBRE
26032,ZONDA POKET ZM5 AZUL,DISPOSITIVO / CELULAR / LIBRE
26048,ZTE BLADE A465 NEGRO,DISPOSITIVO / CELULAR / LIBRE
31001,ACER A60 2/32 VERDE KIT,DISPOSITIVO / CELULAR / TELCEL
29415,ALC 1B-5002B 2/32 NEGRO KIT,DISPOSITIVO / CELULAR / TELCEL
29416,ALC 1B-5002B 2/32 VERDE KIT,DISPOSITIVO / CELULAR / TELCEL
19142,ALC 1V-2020 2/32 NEGRO KIT,DISPOSITIVO / CELULAR / TELCEL
19143,ALC 1V-2020 2/32 ROSA KIT,DISPOSITIVO / CELULAR / TELCEL
19144,ALC 1V-2020 2/32 VERDE KIT,DISPOSITIVO / CELULAR / TELCEL
19150,ALC 5033M 1/16 AZUL KIT,DISPOSITIVO / CELULAR / TELCEL
19146,ALCATEL LTE-5030A-1SE 32GB AZUL KIT,DISPOSITIVO / CELULAR / TELCEL
19147,ALCATEL LTE-5030A-1SE 32GB GRIS KIT,DISPOSITIVO / CELULAR / TELCEL
19148,ALCATEL LTE-5030A-1SE 64GB GRIS KIT,DISPOSITIVO / CELULAR / TELCEL
19149,ALCATEL LTE-5030A-1SE 64GB VERDE KIT,DISPOSITIVO / CELULAR / TELCEL
19158,APPLE IPHONE 11 2020 64GB MORADO KIT,DISPOSITIVO / CELULAR / TELCEL
26402,APPLE IPHONE 11 2020 64GB ROJO KIT,DISPOSITIVO / CELULAR / TELCEL
26401,APPLE IPHONE SE 2ND 64GB NEGRO KIT,DISPOSITIVO / CELULAR / TELCEL
31343,APPLE IPHONE-11 4/128 NEGRO KIT,DISPOSITIVO / CELULAR / TELCEL
31000,APPLE IPHONE-11 4/64 BLANCO KIT,DISPOSITIVO / CELULAR / TELCEL
30999,APPLE IPHONE-11 4/64 NEGRO KIT,DISPOSITIVO / CELULAR / TELCEL
31410,APPLE IPHONE-14-PRO 6/128 MORADO KIT,DISPOSITIVO / CELULAR / TELCEL
31240,APPLE IPHONE-14-PRO 6/128 NEGRO KIT,DISPOSITIVO / CELULAR / TELCEL
31239,APPLE IPHONE-14-PRO 6/128 PLATA KIT,DISPOSITIVO / CELULAR / TELCEL
19870,DOPPIO F1811 X/X NEGRO KIT,DISPOSITIVO / CELULAR / TELCEL
19871,DOPPIO F1812 X/X NEGRO/ROJO KIT,DISPOSITIVO / CELULAR / TELCEL
19872,DOPPIO GSM-F1811 X/X NEGRO KIT,DISPOSITIVO / CELULAR / TELCEL
39687,HUAWEI NOVA-9 8/128 VERDE KIT,DISPOSITIVO / CELULAR / TELCEL
24828,HUAWEI NOVA-Y60 4/64 NEGRO KIT,DISPOSITIVO / CELULAR / TELCEL
24830,HUAWEI NOVA-Y60 4/64 VERDE KIT,DISPOSITIVO / CELULAR / TELCEL
24808,HUAWEI Y5P 2/32 AZUL KIT,DISPOSITIVO / CELULAR / TELCEL
24809,HUAWEI Y5P 2/32 NEGRO KIT,DISPOSITIVO / CELULAR / TELCEL
24810,HUAWEI Y5P 2/32 VERDE KIT,DISPOSITIVO / CELULAR / TELCEL
24816,HUAWEI Y6P 3/64 MORADO KIT,DISPOSITIVO / CELULAR / TELCEL
24817,HUAWEI Y6P 3/64 NEGRO KIT,DISPOSITIVO / CELULAR / TELCEL
24818,HUAWEI Y6P 3/64 VERDE KIT,DISPOSITIVO / CELULAR / TELCEL
24821,HUAWEI Y7A 4/64 NGO KIT,DISPOSITIVO / CELULAR / TELCEL
24822,HUAWEI Y7A 4/64 ROSA KIT,DISPOSITIVO / CELULAR / TELCEL
24823,HUAWEI Y7A 4/64 VERDE KIT,DISPOSITIVO / CELULAR / TELCEL
24811,HUAWEI Y9A 6/128 NEGRO KIT,DISPOSITIVO / CELULAR / TELCEL
24812,HUAWEI Y9A 6/128 PLATA KIT,DISPOSITIVO / CELULAR / TELCEL
24813,HUAWEI Y9A 6/128 ROSA KIT,DISPOSITIVO / CELULAR / TELCEL
24855,I-MOBIL 3G-IM19 X/X NEGRO/NARANJA KIT,DISPOSITIVO / CELULAR / TELCEL
24856,I-MOBIL 3G-IM19 X/X NEGRO/VERDE KIT,DISPOSITIVO / CELULAR / TELCEL
24857,I-MOBIL GSM-IM220 X/X NEGRO/AZUL KIT,DISPOSITIVO / CELULAR / TELCEL
24858,I-MOBIL GSM-IM220 X/X NEGRO/VERDE KIT,DISPOSITIVO / CELULAR / TELCEL
24883,KODAK 3-G-KD50 1/32 NEGRO/AMARILLO KIT,DISPOSITIVO / CELULAR / TELCEL
29490,KODAK SEREN-D60LX 2/32 AZUL KIT,DISPOSITIVO / CELULAR / TELCEL
29489,KODAK SEREN-D60LX 2/32 NEGRO KIT,DISPOSITIVO / CELULAR / TELCEL
29462,MOTO E20 2/32 AZUL KIT,DISPOSITIVO / CELULAR / TELCEL
30105,MOTO E20 2/32 GRIS KIT,DISPOSITIVO / CELULAR / TELCEL
31423,MOTO E22 3/32 NEGRO KIT,DISPOSITIVO / CELULAR / TELCEL
31225,MOTO E22I 2/64 BLANCO KIT,DISPOSITIVO / CELULAR / TELCEL
31226,MOTO E22I 2/64 GRIS KIT,DISPOSITIVO / CELULAR / TELCEL
29463,MOTO E32 4/64 GRIS KIT,DISPOSITIVO / CELULAR / TELCEL
30206,MOTO E32 4/64 PLATA KIT,DISPOSITIVO / CELULAR / TELCEL
25586,MOTO E7I-POWER 2/32 AZUL KIT,DISPOSITIVO / CELULAR / TELCEL
25587,MOTO E7I-POWER 2/32 NARANJA KIT,DISPOSITIVO / CELULAR / TELCEL
25589,MOTO G20 4/64 AZUL KIT,DISPOSITIVO / CELULAR / TELCEL
25590,MOTO G20 4/64 ROSA KIT,DISPOSITIVO / CELULAR / TELCEL
29418,MOTO G22 4/128 AZUL KIT,DISPOSITIVO / CELULAR / TELCEL
26582,MOTO G22 4/128 NEGRO KIT,DISPOSITIVO / CELULAR / TELCEL
29343,MOTO G51-5G 4/128 AZUL KIT,DISPOSITIVO / CELULAR / TELCEL
25595,MOTO G51-5G 4/128 DORADO KIT,DISPOSITIVO / CELULAR / TELCEL
31103,MOTO G60S 6/128 AZUL KIT,DISPOSITIVO / CELULAR / TELCEL
25592,MOTO G60S 6/128 VERDE KIT,DISPOSITIVO / CELULAR / TELCEL
30995,MOTO G71-5G 6/128 AZUL KIT,DISPOSITIVO / CELULAR / TELCEL
26141,MOTO G71-5G 6/128 VERDE KIT,DISPOSITIVO / CELULAR / TELCEL
29906,NOKIA 110 4MB/4MB NEGRO KIT,DISPOSITIVO / CELULAR / TELCEL
39756,OPPO A17 4/64 AZUL KIT,DISPOSITIVO / CELULAR / TELCEL
39757,OPPO A17 4/64 NEGRO KIT,DISPOSITIVO / CELULAR / TELCEL
29514,OPPO A54 4/128 AZUL KIT,DISPOSITIVO / CELULAR / TELCEL
19152,ROUTER TELCEL ALCATEL LTE-ROUTER-MW41NF,DISPOSITIVO / CELULAR / TELCEL
19885,ROUTER TELCEL ELTEL LTE-ROUTER-R520,DISPOSITIVO / CELULAR / TELCEL
24824,ROUTER TELCEL HUAWEI LTE-2-B311-521,DISPOSITIVO / CELULAR / TELCEL
24921,ROUTER TELCEL M4TEL LTE-ROUTER-WILINK-2,DISPOSITIVO / CELULAR / TELCEL
26075,ROUTER TELCEL ZTE LTE-ROUTER-CPE-MF253V,DISPOSITIVO / CELULAR / TELCEL
26076,ROUTER TELCEL ZTE LTE-ROUTER-CPE-MF283U,DISPOSITIVO / CELULAR / TELCEL
30595,SAM A03 3/32 AZUL KIT,DISPOSITIVO / CELULAR / TELCEL
29675,SAM A03 3/32 NEGRO KIT,DISPOSITIVO / CELULAR / TELCEL
30558,SAM A03 3/32 ROJO KIT,DISPOSITIVO / CELULAR / TELCEL
26565,SAM A03S 4/64 AZUL KIT,DISPOSITIVO / CELULAR / TELCEL
26566,SAM A03S 4/64 NEGRO KIT,DISPOSITIVO / CELULAR / TELCEL
30596,SAM A04 3/32 BLANCO KIT,DISPOSITIVO / CELULAR / TELCEL
30597,SAM A04 3/32 NEGRO KIT,DISPOSITIVO / CELULAR / TELCEL
30598,SAM A04 3/32 VERDE KIT,DISPOSITIVO / CELULAR / TELCEL
31298,SAM A04E 3/32 AZUL KIT,DISPOSITIVO / CELULAR / TELCEL
31099,SAM A04E 3/32 COBRE KIT,DISPOSITIVO / CELULAR / TELCEL
31100,SAM A04E 3/32 NEGRO KIT,DISPOSITIVO / CELULAR / TELCEL
26142,SAM A12 4/64 AZUL KIT,DISPOSITIVO / CELULAR / TELCEL
26143,SAM A12 4/64 NEGRO KIT,DISPOSITIVO / CELULAR / TELCEL
30996,SAM A13 4/64 AZUL KIT,DISPOSITIVO / CELULAR / TELCEL
30998,SAM A13 4/64 BLANCO KIT,DISPOSITIVO / CELULAR / TELCEL
30997,SAM A13 4/64 NEGRO KIT,DISPOSITIVO / CELULAR / TELCEL
26548,SAM A32 4/128 AZUL KIT,DISPOSITIVO / CELULAR / TELCEL
26549,SAM A32 4/128 BLANCO KIT,DISPOSITIVO / CELULAR / TELCEL
26583,SAM A32 4/128 LILA KIT,DISPOSITIVO / CELULAR / TELCEL
26581,SAM A32 4/128 NEGRO KIT,DISPOSITIVO / CELULAR / TELCEL
31299,SAM A33 6/128 AZUL KIT,DISPOSITIVO / CELULAR / TELCEL
31227,SAM A33 6/128 BLANCO KIT,DISPOSITIVO / CELULAR / TELCEL
31300,SAM A33 6/128 DURAZNO KIT,DISPOSITIVO / CELULAR / TELCEL
28973,SAM A33 6/128 NEGRO KIT,DISPOSITIVO / CELULAR / TELCEL
26567,SAM A52 6/128 AZUL KIT,DISPOSITIVO / CELULAR / TELCEL
25785,SAM A52 6/128 BLANCO KIT,DISPOSITIVO / CELULAR / TELCEL
25786,SAM A52 6/128 LILA KIT,DISPOSITIVO / CELULAR / TELCEL
26568,SAM A52 6/128 NEGRO KIT,DISPOSITIVO / CELULAR / TELCEL
25806,SENWA 3G-S319-STREET X/X NEGRO/AZUL KIT,DISPOSITIVO / CELULAR / TELCEL
25805,SENWA 3G-S319-STREET X/X NEGRO/NARANJA KIT,DISPOSITIVO / CELULAR / TELCEL
25807,SENWA 3G-S319T-FUSION X/X AZUL KIT,DISPOSITIVO / CELULAR / TELCEL
25808,SENWA 3G-S319T-FUSION X/X NEGRO KIT,DISPOSITIVO / CELULAR / TELCEL
25810,SENWA 3G-S341-PARTY NEGRO/AMARILLO KIT,DISPOSITIVO / CELULAR / TELCEL
25821,SENWA LTE-LS5018F-INIZIO X/X NEGRO/AZUL KIT,DISPOSITIVO / CELULAR / TELCEL
25820,SENWA LTE-LS5018F-INIZIO X/X NEGRO/NARAN KIT,DISPOSITIVO / CELULAR / TELCEL
30566,SOYEALINK 4G B311-522 BLANCO KIT,DISPOSITIVO / CELULAR / TELCEL
25947,XIAOMI LTE M2006C3LG REDMI 9A AZUL KIT,DISPOSITIVO / CELULAR / TELCEL
25948,XIAOMI LTE M2006C3LG REDMI 9A GRIS KIT,DISPOSITIVO / CELULAR / TELCEL
25949,XIAOMI LTE M2006C3LG REDMI 9A VERDE KIT,DISPOSITIVO / CELULAR / TELCEL
31404,XIAOMI REDMI-10C 4/128 AZUL KIT,DISPOSITIVO / CELULAR / TELCEL
31405,XIAOMI REDMI-10C 4/128 VERDE KIT,DISPOSITIVO / CELULAR / TELCEL
25946,XIAOMI REDMI-9C 3/64 AZUL KIT,DISPOSITIVO / CELULAR / TELCEL
29413,XIAOMI REDMI-9C 3/64 GRIS KIT,DISPOSITIVO / CELULAR / TELCEL
29414,XIAOMI REDMI-9C 3/64 VERDE KIT,DISPOSITIVO / CELULAR / TELCEL
26070,ZTE A51 2/64 AZUL KIT,DISPOSITIVO / CELULAR / TELCEL
26072,ZTE A51 2/64 GRIS KIT,DISPOSITIVO / CELULAR / TELCEL
26064,ZTE BLADE-A71 AZUL KIT,DISPOSITIVO / CELULAR / TELCEL
26065,ZTE BLADE-A71 GRIS KIT,DISPOSITIVO / CELULAR / TELCEL
26067,ZTE BLADE-A71 VERDE KIT,DISPOSITIVO / CELULAR / TELCEL
26033,ZTE L210 1/32 AZUL KIT,DISPOSITIVO / CELULAR / TELCEL
26034,ZTE L210 1/32 NEGRO KIT,DISPOSITIVO / CELULAR / TELCEL
26035,ZTE L8 1/32 AZUL KIT,DISPOSITIVO / CELULAR / TELCEL
26040,ZTE L8 1/32 AZUL KIT,DISPOSITIVO / CELULAR / TELCEL
26036,ZTE L8 1/32 NEGRO KIT,DISPOSITIVO / CELULAR / TELCEL
26037,ZTE L9 1/32 AZUL KIT,DISPOSITIVO / CELULAR / TELCEL
26038,ZTE L9 1/32 GRIS KIT,DISPOSITIVO / CELULAR / TELCEL
26061,ZTE LTE A5 2020 64GB R AZUL KIT,DISPOSITIVO / CELULAR / TELCEL
26062,ZTE LTE A5 2020 64GB R VERDE KIT,DISPOSITIVO / CELULAR / TELCEL
26068,ZTE LTE BLADE A5 2020 64GB AZUL KIT,DISPOSITIVO / CELULAR / TELCEL
26069,ZTE LTE BLADE A5 2020 64GB VERDE KIT,DISPOSITIVO / CELULAR / TELCEL
26609,ZTE V30 4/128 NEGRO KIT,DISPOSITIVO / CELULAR / TELCEL
19151,ALC 5033M 1/16 NEGRO KIT,DISPOSITIVO / CELULAR / TELCEL
19133,ALCALTEL GSM MK20U MOVE TRACK NEGRO KIT,DISPOSITIVO / CELULAR / TELCEL
19134,ALCATEL 3-G 5003A 1C NEGRO KIT,DISPOSITIVO / CELULAR / TELCEL
19135,ALCATEL 3-G 5003A 1C ROSA CLARO KIT,DISPOSITIVO / CELULAR / TELCEL
19136,ALCATEL 3-G OT-6040 IDOL X MESA EXP,DISPOSITIVO / CELULAR / TELCEL
19137,ALCATEL 3G OT-3075 ROJO,DISPOSITIVO / CELULAR / TELCEL
19139,ALCATEL GSM-1066G NEGRO KIT,DISPOSITIVO / CELULAR / TELCEL
19140,ALCATEL LTE-4065F-1L-PRO AZUL KIT,DISPOSITIVO / CELULAR / TELCEL
19141,ALCATEL LTE-4065F-1L-PRO GRIS KIT,DISPOSITIVO / CELULAR / TELCEL
19145,ALCATEL LTE-5029E-3-2020 VERDE KIT,DISPOSITIVO / CELULAR / TELCEL
19156,ANDA LTE RELOJ INTEL PARA NIÑOS,DISPOSITIVO / CELULAR / TELCEL
19402,AZUMI GSM L2Z BLANCO AZUL,DISPOSITIVO / CELULAR / TELCEL
24803,HTC 3-G DESIRE 500 MESA EXP,DISPOSITIVO / CELULAR / TELCEL
24805,HUAWEI 3-G Y520 MESA EXPERIENCIA,DISPOSITIVO / CELULAR / TELCEL
24807,HUAWEI GSM ETS-3125I TIP,DISPOSITIVO / CELULAR / TELCEL
24814,HUAWEI LTE JAT-LX3 Y6S AZUL,DISPOSITIVO / CELULAR / TELCEL
24815,HUAWEI LTE JNY-LX2 P40 LITE NEGRO KIT,DISPOSITIVO / CELULAR / TELCEL
24819,HUAWEI LTE MRD-LX3 Y6 2019 AZUL,DISPOSITIVO / CELULAR / TELCEL
24820,HUAWEI LTE MRD-LX3 Y6 2019 NEGRO KIT,DISPOSITIVO / CELULAR / TELCEL
29585,HUAWEI LTE ROUTER E5576-508 BLANCO KIT,DISPOSITIVO / CELULAR / TELCEL
24826,HUAWEI LTE STK-LX3 Y9 PRIME AZUL2019 KIT,DISPOSITIVO / CELULAR / TELCEL
24827,HUAWEI LTE STK-LX3 Y9S AZUL KIT,DISPOSITIVO / CELULAR / TELCEL
24831,HUAWEI LTE Y635 MESA EXPERIENCIA,DISPOSITIVO / CELULAR / TELCEL
24882,KODAK 3-G-KD50 NEGRO/AMARILL Y RELOJ KIT,DISPOSITIVO / CELULAR / TELCEL
24884,KODAK FIT SMARTWATCH FT3R KIT,DISPOSITIVO / CELULAR / TELCEL
24892,LANIX 3-G S120 ILIUM AZUL $100,DISPOSITIVO / CELULAR / TELCEL
24893,LANIX GSM LX6 MORADO $100,DISPOSITIVO / CELULAR / TELCEL
24894,LANIX GSM U210 BLANCO KIT,DISPOSITIVO / CELULAR / TELCEL
29494,LANIX LT520-ILUX X/X ROSA/DORADO KIT,DISPOSITIVO / CELULAR / TELCEL
24895,LANIX LTE 950 ALPHA NEGRO KIT,DISPOSITIVO / CELULAR / TELCEL
24896,LANIX LTE ILIUM ALPHA 1S NEGRO KIT,DISPOSITIVO / CELULAR / TELCEL
24897,LANIX LTE ILIUM M5S AZUL KIT,DISPOSITIVO / CELULAR / TELCEL
24898,LANIX LTE M5 ILIUM GRIS KIT,DISPOSITIVO / CELULAR / TELCEL
24906,LG 3-G P920 OPTIMUS 3D NEGRO $100,DISPOSITIVO / CELULAR / TELCEL
24907,LG 3-G P990 OPTIMUS 2X NEGRO $100,DISPOSITIVO / CELULAR / TELCEL
24920,M4TEL LTE R2 PLUS NEGRO KIT,DISPOSITIVO / CELULAR / TELCEL
25569,MOTO ONE ZOOM GRIS KIT,DISPOSITIVO / CELULAR / TELCEL
25575,MOTOROLA GSM FXP 860 DOMESTICO $100,DISPOSITIVO / CELULAR / TELCEL
25577,MOTOROLA LTE XT-1955-2 G7 POWER VIOLETA,DISPOSITIVO / CELULAR / TELCEL
25578,MOTOROLA LTE XT1926-6 G6+ AZUL NUM KIT,DISPOSITIVO / CELULAR / TELCEL
25579,MOTOROLA LTE XT2015-2 G8 PLAY ROJO KIT,DISPOSITIVO / CELULAR / TELCEL
25580,MOTOROLA LTE XT2019-2 G8+ ROJO RENAT KIT,DISPOSITIVO / CELULAR / TELCEL
25581,MOTOROLA LTE XT2019-2 MOTO G8+ AZUL KIT,DISPOSITIVO / CELULAR / TELCEL
25582,MOTOROLA LTE XT2019-2 MOTO G8+ ROJO,DISPOSITIVO / CELULAR / TELCEL
25583,MOTOROLA LTE XT2053-5 E6I ROSA KIT,DISPOSITIVO / CELULAR / TELCEL
25584,MOTOROLA LTE XT2083-1 G9 PLAY VERDE KIT,DISPOSITIVO / CELULAR / TELCEL
25593,MOTOROLA LTE XT2139-1 EDGE 20 LT VER KIT,DISPOSITIVO / CELULAR / TELCEL
25594,MOTOROLA LTE XT2139-1 EDGE 20LITE GR KIT,DISPOSITIVO / CELULAR / TELCEL
25613,NOKIA GSM 100 GRIS $100,DISPOSITIVO / CELULAR / TELCEL
25614,NOKIA LTE TA-1081 5.1 COBRE KIT,DISPOSITIVO / CELULAR / TELCEL
25618,NYX MOBILE GSM XYN306 NEGRO KIT,DISPOSITIVO / CELULAR / TELCEL
25620,NYX MOBILE GSM XYN306 NEGRO/PLATA KIT,DISPOSITIVO / CELULAR / TELCEL
25622,NYX REX COLOR NEGRO,DISPOSITIVO / CELULAR / TELCEL
25623,ONEPLUS NORD-N100 4/64 GRIS KIT,DISPOSITIVO / CELULAR / TELCEL
25624,OPPO 3G R831 GRIS $100,DISPOSITIVO / CELULAR / TELCEL
25629,OPPO LTE CPH2205 RENO5 LITE NEGRO KIT,DISPOSITIVO / CELULAR / TELCEL
25651,POLAROID 3-G P552A K PLUS PLATA,DISPOSITIVO / CELULAR / TELCEL
24825,ROUTER TELCEL HUAWEI LTE-ROUTER-B311,DISPOSITIVO / CELULAR / TELCEL
25787,SAMSUNG GSM E1086 KEYSTON BLANCO DUO$100,DISPOSITIVO / CELULAR / TELCEL
25789,SAMSUNG LTE A107 GLX A10S AZUL KIT,DISPOSITIVO / CELULAR / TELCEL
25790,SAMSUNG LTE J7 PRO NEGRO KIT,DISPOSITIVO / CELULAR / TELCEL
25791,SAMSUNG LTE SM 2017M GLX A20S AZUL KIT,DISPOSITIVO / CELULAR / TELCEL
25793,SAMSUNG LTE SM-A107M GLX A10S NEGRO KIT,DISPOSITIVO / CELULAR / TELCEL
25795,SAMSUNG LTE SM-A207M GLX A20S NEGRO,DISPOSITIVO / CELULAR / TELCEL
25796,SAMSUNG LTE SM-A217M GALAXY A21S ROJ KIT,DISPOSITIVO / CELULAR / TELCEL
25797,SAMSUNG LTE SM-A305G GALAXY A30 NEGRO,DISPOSITIVO / CELULAR / TELCEL
25804,SENWA 3-G S125FW DYNAMIC FIX NEG TIP KIT,DISPOSITIVO / CELULAR / TELCEL
25809,SENWA 3-G S340 DYNAMIC NEGRO/NARANJA,DISPOSITIVO / CELULAR / TELCEL
25811,SENWA 3G-S341-PARTY NEGRO/ROJO KIT,DISPOSITIVO / CELULAR / TELCEL
25818,SENWA GSM S305V20 SWING + NEGRO/NARANJA,DISPOSITIVO / CELULAR / TELCEL
25819,SENWA GSM S305V20 SWING + NEGRO/ROJO KIT,DISPOSITIVO / CELULAR / TELCEL
25812,SENWA GSM-S219T-KLICK X/X AZUL KIT,DISPOSITIVO / CELULAR / TELCEL
25813,SENWA GSM-S219T-KLICK X/X NEGRO KIT,DISPOSITIVO / CELULAR / TELCEL
25814,SENWA GSM-S301 X/X BLANCO/AZUL KIT,DISPOSITIVO / CELULAR / TELCEL
25815,SENWA GSM-S301 X/X BLANCO/ROJO,DISPOSITIVO / CELULAR / TELCEL
25816,SENWA GSM-S305 X/X NARANJA KIT,DISPOSITIVO / CELULAR / TELCEL
25817,SENWA GSM-S305 X/X ROJO KIT,DISPOSITIVO / CELULAR / TELCEL
25822,SENWA LTE LS5518H SPARKLY NEGRO KIT,DISPOSITIVO / CELULAR / TELCEL
25823,SENWA S130L TOWN BCO/NEG TIP KIT,DISPOSITIVO / CELULAR / TELCEL
25841,SONY 3-G C1504 XPERIA E NEGRO $100,DISPOSITIVO / CELULAR / TELCEL
25906,TCL LTE T766A 10 SE 64GB PLATA KIT,DISPOSITIVO / CELULAR / TELCEL
25945,XIAOMI LTE M1908C3JH NOTE8 AZ KIT,DISPOSITIVO / CELULAR / TELCEL
26039,ZTE 3-G L5 BLADE NEGRO KIT,DISPOSITIVO / CELULAR / TELCEL
26055,ZTE LTE 2050 BLADE V SMART VERDE KIT,DISPOSITIVO / CELULAR / TELCEL
26056,ZTE LTE 8030 BLADE V30 VITA AZUL KIT,DISPOSITIVO / CELULAR / TELCEL
26058,ZTE LTE 8030 BLADE V30 VITA GRIS KIT,DISPOSITIVO / CELULAR / TELCEL
26060,ZTE LTE 8030 BLADE V30 VITA VERDE KIT,DISPOSITIVO / CELULAR / TELCEL
26063,ZTE LTE A7020 BLADE A7S AZUL KIT,DISPOSITIVO / CELULAR / TELCEL
26073,ZTE LTE BLADE A520 DORADO KIT,DISPOSITIVO / CELULAR / TELCEL
26074,ZTE LTE BLADE V10 VITA VERDE,DISPOSITIVO / CELULAR / TELCEL
